[
    {"v1":1,"v2":2,"v3":30,"color":"#3cb44b"},
    {"v1":2,"v2":2,"v3":20,"color":"#ffe119"},
    {"v1":3,"v2":3,"v3":30,"color":"#4363d8"},
    {"v1":4,"v2":12,"v3":22,"color":"#f58231"},
    {"v1":5,"v2":7,"v3":50,"color":"#911eb4"},
    {"v1":9,"v2":22,"v3":20,"color":"#42d4f4"},
    {"v1":20,"v2":4,"v3":31,"color":"#f032e6"},
    {"v1":7,"v2":11,"v3":9,"color":"#bfef45"},
    {"v1":3,"v2":16,"v3":8,"color":"#fabebe"},
    {"v1":17,"v2":8,"v3":6,"color":"#469990"},
    {"v1":12,"v2":9,"v3":16,"color":"#e6beff"},
    {"v1":19,"v2":7,"v3":11,"color":"#9A6324"},
    {"v1":5,"v2":7,"v3":14,"color":"#800000"},
    {"v1":16,"v2":27,"v3":1,"color":"#aaffc3"},
    {"v1":5,"v2":17,"v3":21,"color":"#808000"},
    {"v1":20,"v2":2,"v3":13,"color":"#000075"},
    {"v1":14,"v2":4,"v3":6,"color":"#e6194B"},
    {"v1":17,"v2":1,"v3":5,"color":"#ffd8b1"},
    {"v1":10,"v2":2,"v3":8,"color":"#000000"},
    {"v1":8,"v2":5,"v3":17,"color":"#AAAAAA"}
]

